{"user_avatars":[{"is_fav":0,"avatar_id":1061704,"created_at":1676130117,"used_at":1676208473,"deliver":{"source_url":"","type":"","source_text":""},"image_url":"https://static.showroom-live.com/image/avatar/1061704.png?v=92"},{"is_fav":0,"avatar_id":1060736,"created_at":1676130117,"used_at":0,"deliver":{"source_url":"","type":"","source_text":""},"image_url":"https://static.showroom-live.com/image/avatar/1060736.png?v=92"},{"is_fav":0,"avatar_id":1060681,"created_at":1676130117,"used_at":0,"deliver":{"source_url":"","type":"","source_text":""},"image_url":"https://static.showroom-live.com/image/avatar/1060681.png?v=92"},{"is_fav":0,"avatar_id":1060254,"created_at":1676130117,"used_at":0,"deliver":{"source_url":"","type":"","source_text":""},"image_url":"https://static.showroom-live.com/image/avatar/1060254.png?v=92"},{"is_fav":0,"avatar_id":1059276,"created_at":1676130117,"used_at":0,"deliver":{"source_url":"","type":"","source_text":""},"image_url":"https://static.showroom-live.com/image/avatar/1059276.png?v=92"},{"is_fav":0,"avatar_id":1059082,"created_at":1676130117,"used_at":0,"deliver":{"source_url":"","type":"","source_text":""},"image_url":"https://static.showroom-live.com/image/avatar/1059082.png?v=92"},{"is_fav":0,"avatar_id":1058547,"created_at":1676130117,"used_at":0,"deliver":{"source_url":"","type":"","source_text":""},"image_url":"https://static.showroom-live.com/image/avatar/1058547.png?v=92"},{"is_fav":0,"avatar_id":1058483,"created_at":1676130117,"used_at":0,"deliver":{"source_url":"","type":"","source_text":""},"image_url":"https://static.showroom-live.com/image/avatar/1058483.png?v=92"},{"is_fav":0,"avatar_id":1058398,"created_at":1676130117,"used_at":0,"deliver":{"source_url":"","type":"","source_text":""},"image_url":"https://static.showroom-live.com/image/avatar/1058398.png?v=92"},{"is_fav":0,"avatar_id":1058245,"created_at":1676130117,"used_at":0,"deliver":{"source_url":"","type":"","source_text":""},"image_url":"https://static.showroom-live.com/image/avatar/1058245.png?v=92"},{"is_fav":0,"avatar_id":1058199,"created_at":1676130117,"used_at":0,"deliver":{"source_url":"","type":"","source_text":""},"image_url":"https://static.showroom-live.com/image/avatar/1058199.png?v=92"},{"is_fav":0,"avatar_id":1058055,"created_at":1676130117,"used_at":0,"deliver":{"source_url":"","type":"","source_text":""},"image_url":"https://static.showroom-live.com/image/avatar/1058055.png?v=92"},{"is_fav":0,"avatar_id":1058051,"created_at":1676130117,"used_at":0,"deliver":{"source_url":"","type":"","source_text":""},"image_url":"https://static.showroom-live.com/image/avatar/1058051.png?v=92"},{"is_fav":0,"avatar_id":1055286,"created_at":1676130117,"used_at":0,"deliver":{"source_url":"","type":"","source_text":""},"image_url":"https://static.showroom-live.com/image/avatar/1055286.png?v=92"},{"is_fav":0,"avatar_id":1055161,"created_at":1676130117,"used_at":0,"deliver":{"source_url":"","type":"","source_text":""},"image_url":"https://static.showroom-live.com/image/avatar/1055161.png?v=92"},{"is_fav":0,"avatar_id":1054940,"created_at":1676130117,"used_at":0,"deliver":{"source_url":"","type":"","source_text":""},"image_url":"https://static.showroom-live.com/image/avatar/1054940.png?v=92"},{"is_fav":0,"avatar_id":1054633,"created_at":1676130117,"used_at":0,"deliver":{"source_url":"","type":"","source_text":""},"image_url":"https://static.showroom-live.com/image/avatar/1054633.png?v=92"},{"is_fav":0,"avatar_id":1054255,"created_at":1676130117,"used_at":0,"deliver":{"source_url":"","type":"","source_text":""},"image_url":"https://static.showroom-live.com/image/avatar/1054255.png?v=92"},{"is_fav":0,"avatar_id":1054252,"created_at":1676130117,"used_at":0,"deliver":{"source_url":"","type":"","source_text":""},"image_url":"https://static.showroom-live.com/image/avatar/1054252.png?v=92"},{"is_fav":0,"avatar_id":1053143,"created_at":1676130117,"used_at":0,"deliver":{"source_url":"","type":"","source_text":""},"image_url":"https://static.showroom-live.com/image/avatar/1053143.png?v=92"},{"is_fav":0,"avatar_id":1053133,"created_at":1676130117,"used_at":0,"deliver":{"source_url":"","type":"","source_text":""},"image_url":"https://static.showroom-live.com/image/avatar/1053133.png?v=92"},{"is_fav":0,"avatar_id":1053057,"created_at":1676130117,"used_at":0,"deliver":{"source_url":"","type":"","source_text":""},"image_url":"https://static.showroom-live.com/image/avatar/1053057.png?v=92"},{"is_fav":0,"avatar_id":1052087,"created_at":1676130117,"used_at":0,"deliver":{"source_url":"","type":"","source_text":""},"image_url":"https://static.showroom-live.com/image/avatar/1052087.png?v=92"},{"is_fav":0,"avatar_id":1051736,"created_at":1676130117,"used_at":0,"deliver":{"source_url":"","type":"","source_text":""},"image_url":"https://static.showroom-live.com/image/avatar/1051736.png?v=92"},{"is_fav":0,"avatar_id":1048231,"created_at":1676130117,"used_at":0,"deliver":{"source_url":"","type":"","source_text":""},"image_url":"https://static.showroom-live.com/image/avatar/1048231.png?v=92"}],"current_user_avatar":{"is_fav":1,"avatar_id":1041794,"created_at":1634549654,"used_at":1676215177,"deliver":{"source_url":"","type":"","source_text":""},"image_url":"https://static.showroom-live.com/image/avatar/1041794.png?v=92"},"avatar_num":615,"message":null}